{
    "name": "root",
    "gauges": {
        "CarAI.Policy.Entropy.mean": {
            "value": 1.351720929145813,
            "min": 1.351720929145813,
            "max": 1.4223073720932007,
            "count": 20
        },
        "CarAI.Policy.ExtrinsicValueEstimate.mean": {
            "value": 3.1721031665802,
            "min": -0.020890742540359497,
            "max": 3.172515869140625,
            "count": 20
        },
        "CarAI.Environment.EpisodeLength.mean": {
            "value": 125.1590909090909,
            "min": 122.46699266503667,
            "max": 473.4859813084112,
            "count": 20
        },
        "CarAI.Environment.CumulativeReward.mean": {
            "value": 7.473417721518987,
            "min": -0.3577586206896552,
            "max": 7.5,
            "count": 20
        },
        "CarAI.Policy.ExtrinsicReward.mean": {
            "value": 7.473417721518987,
            "min": -0.3577586206896552,
            "max": 7.5,
            "count": 20
        },
        "CarAI.Losses.ValueLoss.mean": {
            "value": 0.16755543649196625,
            "min": 0.030316593125462532,
            "max": 0.16755543649196625,
            "count": 20
        },
        "CarAI.Losses.PolicyLoss.mean": {
            "value": 0.024657506495714188,
            "min": 0.021297000348567963,
            "max": 0.025976071134209633,
            "count": 20
        },
        "CarAI.Policy.LearningRate.mean": {
            "value": 6.856239451735746e-06,
            "min": 6.856239451735746e-06,
            "max": 0.00029227067716419697,
            "count": 20
        },
        "CarAI.Policy.Epsilon.mean": {
            "value": 0.10228538513183594,
            "min": 0.10228538513183594,
            "max": 0.1974235475063324,
            "count": 20
        },
        "CarAI.Policy.Beta.mean": {
            "value": 0.0001240404963027686,
            "min": 0.0001240404963027686,
            "max": 0.004871435463428497,
            "count": 20
        },
        "CarAI.IsTraining.mean": {
            "value": 1.0,
            "min": 1.0,
            "max": 1.0,
            "count": 20
        }
    },
    "metadata": {
        "timer_format_version": "0.1.0",
        "start_time_seconds": "1606166280",
        "python_version": "3.7.0 (v3.7.0:1bf9cc5093, Jun 27 2018, 04:59:51) [MSC v.1914 64 bit (AMD64)]",
        "command_line_arguments": "C:\\Users\\david\\Desktop\\PyVirtualEnviroments\\UnityPyVirtualEnivroments\\Scripts\\mlagents-learn configuration.yaml --run-id=AI_selfdriveable_car_1 --env=..\\..\\..\\..\\Desktop\\AI_selfdriveable_car.exe --time-scale=10 --quality-level=0 --width=512 --height=512",
        "mlagents_version": "0.21.0",
        "mlagents_envs_version": "0.21.0",
        "communication_protocol_version": "1.2.0",
        "tensorflow_version": "2.3.1",
        "numpy_version": "1.16.0",
        "end_time_seconds": "1606167089"
    },
    "total": 809.5267164,
    "count": 1,
    "self": 0.6986662000000479,
    "children": {
        "run_training.setup": {
            "total": 0.010817499999999924,
            "count": 1,
            "self": 0.010817499999999924
        },
        "TrainerController.start_learning": {
            "total": 808.8172327,
            "count": 1,
            "self": 2.377702400005319,
            "children": {
                "TrainerController._reset_env": {
                    "total": 10.5990777,
                    "count": 1,
                    "self": 10.5990777
                },
                "TrainerController.advance": {
                    "total": 795.5019685999947,
                    "count": 66889,
                    "self": 1.235316399995213,
                    "children": {
                        "env_step": {
                            "total": 794.2666521999995,
                            "count": 66889,
                            "self": 724.8917239999892,
                            "children": {
                                "SubprocessEnvManager._take_step": {
                                    "total": 68.12322720000304,
                                    "count": 66889,
                                    "self": 2.881902300005237,
                                    "children": {
                                        "TFPolicy.evaluate": {
                                            "total": 65.2413248999978,
                                            "count": 62542,
                                            "self": 65.2413248999978
                                        }
                                    }
                                },
                                "workers": {
                                    "total": 1.2517010000072553,
                                    "count": 66889,
                                    "self": 0.0,
                                    "children": {
                                        "worker_root": {
                                            "total": 796.325351399985,
                                            "count": 66889,
                                            "is_parallel": true,
                                            "self": 267.6881430000034,
                                            "children": {
                                                "steps_from_proto": {
                                                    "total": 0.001008800000001031,
                                                    "count": 1,
                                                    "is_parallel": true,
                                                    "self": 0.00016990000000127736,
                                                    "children": {
                                                        "_process_vector_observation": {
                                                            "total": 0.0008388999999997537,
                                                            "count": 6,
                                                            "is_parallel": true,
                                                            "self": 0.0008388999999997537
                                                        }
                                                    }
                                                },
                                                "UnityEnvironment.step": {
                                                    "total": 528.6361995999816,
                                                    "count": 66889,
                                                    "is_parallel": true,
                                                    "self": 20.60268129999764,
                                                    "children": {
                                                        "UnityEnvironment._generate_step_input": {
                                                            "total": 16.160908799998854,
                                                            "count": 66889,
                                                            "is_parallel": true,
                                                            "self": 16.160908799998854
                                                        },
                                                        "communicator.exchange": {
                                                            "total": 425.525345699995,
                                                            "count": 66889,
                                                            "is_parallel": true,
                                                            "self": 425.525345699995
                                                        },
                                                        "steps_from_proto": {
                                                            "total": 66.34726379999012,
                                                            "count": 66889,