{
    "name": "root",
    "gauges": {
        "CarAI.Policy.Entropy.mean": {
            "value": 1.4072272777557373,
            "min": 1.4072272777557373,
            "max": 1.420854926109314,
            "count": 10
        },
        "CarAI.Policy.ExtrinsicValueEstimate.mean": {
            "value": -0.14970509707927704,
            "min": -0.17911358177661896,
            "max": 0.0231329333037138,
            "count": 10
        },
        "CarAI.Environment.EpisodeLength.mean": {
            "value": 386.37404580152673,
            "min": 336.9020979020979,
            "max": 386.37404580152673,
            "count": 10
        },
        "CarAI.Environment.CumulativeReward.mean": {
            "value": -0.35877862595419846,
            "min": -0.7692307692307693,
            "max": -0.35877862595419846,
            "count": 10
        },
        "CarAI.Policy.ExtrinsicReward.mean": {
            "value": -0.35877862595419846,
            "min": -0.7692307692307693,
            "max": -0.35877862595419846,
            "count": 10
        },
        "CarAI.Losses.ValueLoss.mean": {
            "value": 0.015708843246102333,
            "min": 0.01479567401111126,
            "max": 0.02758292481303215,
            "count": 10
        },
        "CarAI.Losses.PolicyLoss.mean": {
            "value": 0.022451061755418777,
            "min": 0.021249374374747276,
            "max": 0.02578066661953926,
            "count": 10
        },
        "CarAI.Policy.LearningRate.mean": {
            "value": 1.637349669181276e-05,
            "min": 1.637349669181276e-05,
            "max": 0.00028457550797611475,
            "count": 10
        },
        "CarAI.Policy.Epsilon.mean": {
            "value": 0.10545780509710312,
            "min": 0.10545780509710312,
            "max": 0.19485853612422943,
            "count": 10
        },
        "CarAI.Policy.Beta.mean": {
            "value": 0.0002823442337103188,
            "min": 0.0002823442337103188,
            "max": 0.004743439145386219,
            "count": 10
        },
        "CarAI.IsTraining.mean": {
            "value": 1.0,
            "min": 1.0,
            "max": 1.0,
            "count": 10
        }
    },
    "metadata": {
        "timer_format_version": "0.1.0",
        "start_time_seconds": "1606148723",
        "python_version": "3.7.0 (v3.7.0:1bf9cc5093, Jun 27 2018, 04:59:51) [MSC v.1914 64 bit (AMD64)]",
        "command_line_arguments": "C:\\Users\\david\\Desktop\\PyVirtualEnviroments\\UnityPyVirtualEnivroments\\Scripts\\mlagents-learn configuration.yaml --run-id=AI_selfdriveable_car_2",
        "mlagents_version": "0.21.0",
        "mlagents_envs_version": "0.21.0",
        "communication_protocol_version": "1.2.0",
        "tensorflow_version": "2.3.1",
        "numpy_version": "1.16.0",
        "end_time_seconds": "1606149250"
    },
    "total": 527.7769394,
    "count": 1,
    "self": 0.6599564999999075,
    "children": {
        "run_training.setup": {
            "total": 0.010072000000000081,
            "count": 1,
            "self": 0.010072000000000081
        },
        "TrainerController.start_learning": {
            "total": 527.1069109,
            "count": 1,
            "self": 1.5285387999998648,
            "children": {
                "TrainerController._reset_env": {
                    "total": 10.006023599999999,
                    "count": 1,
                    "self": 10.006023599999999
                },
                "TrainerController.advance": {
                    "total": 515.2574761000001,
                    "count": 43016,
                    "self": 0.7785810000032143,
                    "children": {
                        "env_step": {
                            "total": 514.4788950999969,
                            "count": 43016,
                            "self": 470.12707229998847,
                            "children": {
                                "SubprocessEnvManager._take_step": {
                                    "total": 43.56130020000279,
                                    "count": 43016,
                                    "self": 1.8234216000002377,
                                    "children": {
                                        "TFPolicy.evaluate": {
                                            "total": 41.73787860000255,
                                            "count": 41716,
                                            "self": 41.73787860000255
                                        }
                                    }
                                },
                                "workers": {
                                    "total": 0.7905226000056178,
                                    "count": 43016,
                                    "self": 0.0,
                                    "children": {
                                        "worker_root": {
                                            "total": 516.2502891999983,
                                            "count": 43016,
                                            "is_parallel": true,
                                            "self": 154.23783749999473,
                                            "children": {
                                                "steps_from_proto": {
                                                    "total": 0.0008049999999997226,
                                                    "count": 1,
                                                    "is_parallel": true,
                                                    "self": 0.00016190000000015914,
                                                    "children": {
                                                        "_process_vector_observation": {
                                                            "total": 0.0006430999999995635,
                                                            "count": 6,
                                                            "is_parallel": true,
                                                            "self": 0.0006430999999995635
                                                        }
                                                    }
                                                },
                                                "UnityEnvironment.step": {
                                                    "total": 362.01164670000355,
                                                    "count": 43016,
                                                    "is_parallel": true,
                                                    "self": 11.45505009999664,
                                                    "children": {
                                                        "UnityEnvironment._generate_step_input": {
                                                            "total": 8.92422400000456,
                                                            "count": 43016,
                                                            "is_parallel": true,
                                                            "self": 8.92422400000456
                                                        },
                                                        "communicator.exchange": {
                                                            "total": 303.9192341000012,
                                                            "count": 43016,
                                                            "is_parallel": true,
                                                            "self": 303.9192341000012
                                                        },
                                                        "steps_from_proto": {
                                                            "total": 37.71313850000114,
                                                            "count": 43016,